transaction_id,account_id,transaction_type,amount,channel,timestamp,is_flagged
TXN0000001,ACC1014,deposit,388.59,mobile_app,2025-07-28 03:42:48.899833128,False
TXN0000002,ACC1030,payment,8387.23,atm,2025-03-18 16:32:20.435683925,False
TXN0000003,ACC1063,withdrawal,1155.79,atm,2025-09-28 22:17:50.626068118,False
TXN0000004,ACC1081,withdrawal,806.73,branch,2025-01-10 04:44:38.654277250,False
TXN0000005,ACC1076,deposit,740.6,mobile_app,2025-05-10 12:19:37.396409180,False
TXN0000006,ACC1009,transfer,156.29,atm,2025-10-12 18:39:46.084219744,False
TXN0000007,ACC1067,deposit,961.29,online,2025-07-25 19:42:07.158403163,False
TXN0000008,ACC1001,deposit,1992.18,mobile_app,2025-04-06 07:46:58.471662489,False
TXN0000009,ACC1046,withdrawal,690.59,atm,2025-09-11 15:47:21.571602351,False
TXN0000010,ACC1040,deposit,1816.27,mobile_app,2025-07-27 02:20:40.814905931,True
TXN0000011,ACC1016,deposit,388.67,online,2025-10-18 15:05:38.467816624,True
TXN0000012,ACC1049,deposit,926.01,atm,2025-09-26 06:49:14.271682267,False
TXN0000013,ACC1072,deposit,1603.35,branch,2025-08-11 16:32:43.429334691,False
TXN0000014,ACC1053,deposit,1376.9,branch,2025-06-28 04:26:11.168601829,False
TXN0000015,ACC1046,withdrawal,159.72,mobile_app,2025-02-18 14:40:31.515051014,False
TXN0000016,ACC1069,payment,647.55,online,2025-04-06 09:16:38.052033464,False
TXN0000017,ACC1087,withdrawal,8208.75,atm,2025-06-02 23:18:40.977913199,True
TXN0000018,ACC1022,withdrawal,607.33,online,2025-08-07 17:51:42.315033476,False
TXN0000019,ACC1097,deposit,1117.63,atm,2025-07-07 12:04:50.922069856,True
TXN0000020,ACC1060,payment,988.21,mobile_app,2025-04-16 04:29:47.210659725,False
TXN0000021,ACC1098,withdrawal,7200.37,atm,2025-01-03 08:37:39.987256316,False
TXN0000022,ACC1009,deposit,5158.71,online,2025-07-01 03:03:20.101864069,False
TXN0000023,ACC1002,transfer,2890.07,online,2025-04-15 06:05:01.175298895,False
TXN0000024,ACC1075,deposit,341.08,mobile_app,2025-09-26 03:10:07.371207433,False
TXN0000025,ACC1008,withdrawal,1687.53,online,2025-01-09 17:46:09.421569969,False
TXN0000026,ACC1001,withdrawal,2167.93,atm,2025-08-02 11:05:29.857339423,False
TXN0000027,ACC1033,payment,474.22,mobile_app,2025-12-10 15:18:51.553991272,False
TXN0000028,ACC1027,withdrawal,385.82,atm,2025-03-05 15:49:30.647628246,False
TXN0000029,ACC1005,transfer,8484.68,online,2025-06-22 03:38:58.340310774,False
TXN0000030,ACC1007,payment,764.36,mobile_app,2025-02-03 08:51:23.933945266,False
TXN0000031,ACC1050,deposit,7615.74,atm,2025-08-17 08:58:24.785074015,False
TXN0000032,ACC1064,deposit,3628.27,online,2025-07-20 22:39:27.079282566,False
TXN0000033,ACC1036,withdrawal,1789.07,online,2025-05-29 16:31:19.171575880,False
TXN0000034,ACC1080,withdrawal,1887.56,branch,2025-07-10 07:15:45.749195899,False
TXN0000035,ACC1091,withdrawal,204.28,online,2025-11-24 05:59:38.429478703,False
TXN0000036,ACC1064,payment,1405.47,atm,2025-03-13 15:32:17.117681812,False
TXN0000037,ACC1098,transfer,6005.46,mobile_app,2025-01-09 05:39:54.441139826,False
TXN0000038,ACC1053,transfer,2483.96,branch,2025-11-11 12:11:03.803870852,False
TXN0000039,ACC1054,withdrawal,1319.76,online,2025-07-30 15:32:44.310185021,False
TXN0000040,ACC1089,payment,8555.46,online,2025-11-22 02:10:05.051444664,False
TXN0000041,ACC1051,payment,878.27,online,2025-08-06 21:14:24.565557811,False
TXN0000042,ACC1010,payment,521.41,atm,2025-10-23 17:00:40.132969176,False
TXN0000043,ACC1081,deposit,1318.96,branch,2025-06-06 19:56:19.186767945,False
TXN0000044,ACC1068,transfer,2751.11,atm,2025-10-01 16:46:22.793106843,False
TXN0000045,ACC1068,deposit,139.58,branch,2025-11-30 06:14:35.699838495,False
TXN0000046,ACC1078,deposit,1543.55,mobile_app,2025-07-28 19:47:49.783943497,False
TXN0000047,ACC1019,deposit,2899.85,atm,2025-03-07 23:40:40.508135198,False
TXN0000048,ACC1035,transfer,793.48,atm,2025-04-09 02:40:01.587592326,False
TXN0000049,ACC1010,transfer,4139.61,mobile_app,2025-03-14 12:07:35.377036587,False
TXN0000050,ACC1039,deposit,2367.11,branch,2025-04-01 02:28:03.222259032,False
TXN0000051,ACC1010,withdrawal,14323.54,online,2025-04-22 20:11:57.610734285,False
TXN0000052,ACC1065,withdrawal,445.54,mobile_app,2025-07-22 14:58:19.099048552,False
TXN0000053,ACC1026,withdrawal,2971.59,online,2025-08-03 14:48:24.026771433,False
TXN0000054,ACC1019,deposit,323.5,online,2025-06-05 16:08:16.029019331,False
TXN0000055,ACC1068,withdrawal,157.84,mobile_app,2025-08-13 15:05:09.712429863,False
TXN0000056,ACC1041,transfer,95.33,branch,2025-01-30 18:35:46.854080039,False
TXN0000057,ACC1050,deposit,2092.24,online,2025-02-02 01:01:29.843866133,True
TXN0000058,ACC1075,deposit,1367.99,mobile_app,2025-03-04 17:13:33.861839113,False
TXN0000059,ACC1081,withdrawal,617.17,atm,2025-07-09 02:21:31.978200309,False
TXN0000060,ACC1097,payment,130.56,atm,2025-03-20 02:35:36.187430012,False
TXN0000061,ACC1083,transfer,478.92,atm,2025-04-14 09:34:16.948541916,False
TXN0000062,ACC1087,transfer,1102.03,mobile_app,2025-05-27 02:44:25.601551537,False
TXN0000063,ACC1082,withdrawal,2840.69,atm,2025-10-24 07:56:50.086791335,False
TXN0000064,ACC1008,withdrawal,1075.09,online,2025-01-06 01:25:56.318147952,True
TXN0000065,ACC1039,deposit,1483.96,atm,2025-08-26 00:33:30.474982126,False
TXN0000066,ACC1089,transfer,698.29,atm,2025-09-02 03:21:30.282899057,False
TXN0000067,ACC1055,payment,8946.96,online,2025-10-19 12:13:28.689326886,False
TXN0000068,ACC1093,transfer,323.14,atm,2025-12-07 10:54:56.686206035,False
TXN0000069,ACC1030,payment,473.86,online,2025-01-08 08:24:27.204464805,False
TXN0000070,ACC1007,transfer,607.39,atm,2025-02-26 03:08:42.937064784,False
TXN0000071,ACC1031,deposit,2103.26,online,2025-11-20 10:51:37.929349791,False
TXN0000072,ACC1011,payment,315.25,atm,2025-06-17 08:37:21.377129715,False
TXN0000073,ACC1055,deposit,1290.6,online,2025-07-26 01:48:50.389405706,False
TXN0000074,ACC1014,withdrawal,1336.61,mobile_app,2025-08-31 00:07:05.896613176,False
TXN0000075,ACC1058,deposit,476.64,online,2025-09-05 20:37:24.439374416,False
TXN0000076,ACC1078,deposit,1629.41,atm,2025-12-07 02:02:45.358989403,False
TXN0000077,ACC1077,withdrawal,327.22,atm,2025-12-30 21:16:36.827494412,False
TXN0000078,ACC1007,deposit,287.01,branch,2025-09-20 20:34:45.687918132,False
TXN0000079,ACC1039,withdrawal,1235.87,online,2025-04-15 20:03:28.053493632,False
TXN0000080,ACC1085,withdrawal,149.65,mobile_app,2025-11-18 02:37:51.758754418,False
TXN0000081,ACC1094,deposit,83.62,online,2025-01-18 23:10:30.760957459,False
TXN0000082,ACC1084,deposit,2078.5,online,2025-03-26 08:16:05.776250111,False
TXN0000083,ACC1094,withdrawal,3861.32,mobile_app,2025-11-24 13:05:55.985935718,False
TXN0000084,ACC1022,withdrawal,626.3,online,2025-04-04 12:14:15.599359501,False
TXN0000085,ACC1015,transfer,491.92,mobile_app,2025-03-22 12:54:11.816231460,False
TXN0000086,ACC1001,transfer,3665.21,mobile_app,2025-02-20 09:58:39.244470833,False
TXN0000087,ACC1090,payment,277.37,online,2025-11-10 13:49:08.389153156,False
TXN0000088,ACC1017,transfer,213.57,online,2025-07-02 12:30:37.261850106,False
TXN0000089,ACC1089,withdrawal,2563.59,atm,2025-09-04 08:03:52.051515825,False
TXN0000090,ACC1001,transfer,1108.59,atm,2025-03-29 06:13:17.488190133,False
TXN0000091,ACC1020,deposit,3935.73,branch,2025-10-04 16:26:02.717009721,False
TXN0000092,ACC1063,withdrawal,84.07,branch,2025-10-05 09:38:54.865924733,False
TXN0000093,ACC1044,transfer,204.22,online,2025-04-25 02:21:31.313508148,False
TXN0000094,ACC1066,withdrawal,1115.66,mobile_app,2025-05-30 21:34:47.514612276,False
TXN0000095,ACC1066,transfer,1810.23,branch,2025-03-18 12:53:12.589038813,False
TXN0000096,ACC1092,payment,3030.24,online,2025-12-23 10:40:28.431511112,False
TXN0000097,ACC1033,payment,1352.6,branch,2025-08-24 15:28:42.870114065,False
TXN0000098,ACC1021,payment,1336.2,mobile_app,2025-12-08 02:36:15.822244500,False
TXN0000099,ACC1047,withdrawal,687.26,online,2025-04-21 17:39:26.503888343,False
TXN0000100,ACC1016,withdrawal,7398.89,mobile_app,2025-10-13 09:21:51.832269910,False
TXN0000101,ACC1095,withdrawal,291.89,online,2025-10-07 12:55:18.193549221,True
TXN0000102,ACC1099,withdrawal,1687.2,branch,2025-09-10 10:54:12.637263257,False
TXN0000103,ACC1034,transfer,335.17,atm,2025-12-19 10:59:50.724013813,False
TXN0000104,ACC1093,transfer,2083.35,branch,2025-05-24 15:32:41.079448769,False
TXN0000105,ACC1015,transfer,315.95,branch,2025-02-17 17:05:01.516726584,False
TXN0000106,ACC1098,withdrawal,2677.34,atm,2025-09-03 04:10:10.585120702,False
TXN0000107,ACC1003,deposit,1254.54,atm,2025-09-24 04:45:13.867849169,False
TXN0000108,ACC1042,withdrawal,8897.87,online,2025-07-29 21:31:50.244597183,False
TXN0000109,ACC1054,deposit,782.72,online,2025-03-17 11:43:29.077854781,False
TXN0000110,ACC1034,payment,1826.14,mobile_app,2025-07-04 03:02:02.576484790,False
TXN0000111,ACC1067,withdrawal,430.27,mobile_app,2025-04-24 22:46:55.532444062,False
TXN0000112,ACC1008,deposit,776.29,branch,2025-06-06 00:36:24.432264705,False
TXN0000113,ACC1033,deposit,1245.01,atm,2025-08-24 12:06:53.007837318,False
TXN0000114,ACC1091,transfer,175.45,mobile_app,2025-09-30 00:04:52.125498157,False
TXN0000115,ACC1073,transfer,200.11,branch,2025-03-26 18:17:17.852264753,False
TXN0000116,ACC1080,withdrawal,2252.58,atm,2025-05-28 22:39:00.573362323,False
TXN0000117,ACC1009,deposit,920.3,online,2025-04-09 05:51:19.302792022,False
TXN0000118,ACC1063,withdrawal,538.34,branch,2025-03-14 12:00:46.574747902,False
TXN0000119,ACC1058,withdrawal,452.88,online,2025-10-13 22:28:19.369788758,False
TXN0000120,ACC1065,transfer,474.29,mobile_app,2025-11-28 21:03:12.971764990,False
TXN0000121,ACC1046,transfer,1255.21,mobile_app,2025-05-16 03:14:02.207748811,False
TXN0000122,ACC1007,withdrawal,1870.65,atm,2025-10-02 05:12:12.159051111,False
TXN0000123,ACC1063,deposit,89.07,branch,2025-11-24 09:40:43.445396072,False
TXN0000124,ACC1072,payment,5975.37,online,2025-11-05 20:02:53.103281380,False
TXN0000125,ACC1021,withdrawal,5486.47,atm,2025-03-08 17:26:43.020973032,False
TXN0000126,ACC1047,transfer,66.9,mobile_app,2025-12-16 01:07:00.775405364,False
TXN0000127,ACC1020,deposit,4036.41,mobile_app,2025-05-18 11:41:08.225383528,False
TXN0000128,ACC1032,withdrawal,3890.38,branch,2025-05-04 19:44:53.490778105,False
TXN0000129,ACC1098,deposit,1097.22,online,2025-01-23 18:53:54.337032078,False
TXN0000130,ACC1013,withdrawal,231.23,branch,2025-06-27 10:52:52.355851590,False
TXN0000131,ACC1073,payment,3708.1,online,2025-02-09 18:57:33.382852329,False
TXN0000132,ACC1086,withdrawal,821.0,online,2025-04-01 17:12:31.792767307,False
TXN0000133,ACC1092,deposit,2118.9,branch,2025-04-26 16:25:02.520052985,False
TXN0000134,ACC1014,deposit,15725.54,atm,2025-10-23 05:19:06.937633750,False
TXN0000135,ACC1029,withdrawal,1483.57,branch,2025-11-16 13:16:50.078884998,False
TXN0000136,ACC1094,deposit,364.94,branch,2025-04-21 09:36:17.787464904,False
TXN0000137,ACC1065,deposit,732.98,mobile_app,2025-11-10 10:11:43.951568876,False
TXN0000138,ACC1000,transfer,425.25,mobile_app,2025-11-09 21:20:34.840893727,False
TXN0000139,ACC1005,withdrawal,1844.91,branch,2025-10-07 02:20:32.371337368,False
TXN0000140,ACC1001,deposit,416.85,branch,2025-02-23 13:02:57.115582768,False
TXN0000141,ACC1031,payment,621.78,mobile_app,2025-09-09 23:13:41.299861391,False
TXN0000142,ACC1005,deposit,234.79,online,2025-12-11 22:24:38.900612816,False
TXN0000143,ACC1060,payment,935.89,branch,2025-09-07 03:03:16.538401062,False
TXN0000144,ACC1046,withdrawal,1355.74,atm,2025-05-02 00:57:48.953464652,False
TXN0000145,ACC1049,payment,43.74,atm,2025-07-02 17:04:29.354498693,False
TXN0000146,ACC1019,transfer,1497.4,atm,2025-08-24 16:33:04.967118829,False
TXN0000147,ACC1022,payment,1038.11,branch,2025-07-06 08:35:48.409662088,False
TXN0000148,ACC1004,payment,437.91,online,2025-02-13 18:47:15.970427865,False
TXN0000149,ACC1070,deposit,12510.89,online,2025-04-24 21:40:51.712146120,False
TXN0000150,ACC1091,payment,3463.97,mobile_app,2025-10-20 20:59:21.219539357,False
TXN0000151,ACC1094,withdrawal,294.22,branch,2025-11-11 10:01:19.501668240,False
TXN0000152,ACC1083,withdrawal,2998.55,online,2025-02-20 02:44:53.831718219,False
TXN0000153,ACC1053,withdrawal,4882.43,branch,2025-12-14 14:54:28.623646180,False
TXN0000154,ACC1028,withdrawal,1284.89,mobile_app,2025-05-01 00:29:10.076473743,False
TXN0000155,ACC1041,deposit,1692.11,mobile_app,2025-08-30 17:52:06.064611985,False
TXN0000156,ACC1031,withdrawal,1645.86,mobile_app,2025-10-02 09:59:17.802889895,True
TXN0000157,ACC1053,withdrawal,89.75,atm,2025-10-24 08:38:56.455540287,False
TXN0000158,ACC1092,transfer,876.34,branch,2025-12-12 04:46:02.609396932,False
TXN0000159,ACC1040,payment,823.29,mobile_app,2025-04-25 05:10:30.866636945,False
TXN0000160,ACC1034,withdrawal,6100.87,branch,2025-11-10 08:30:59.550737823,False
TXN0000161,ACC1009,withdrawal,1636.76,atm,2025-02-18 01:34:38.186764227,False
TXN0000162,ACC1073,deposit,767.29,atm,2025-09-15 08:09:30.022766904,False
TXN0000163,ACC1047,deposit,984.22,mobile_app,2025-09-28 19:43:29.677953054,False
TXN0000164,ACC1015,deposit,3744.57,mobile_app,2025-09-05 08:51:20.134524844,False
TXN0000165,ACC1064,withdrawal,878.75,online,2025-04-03 02:16:37.518758181,False
TXN0000166,ACC1086,deposit,474.45,branch,2025-11-15 15:51:28.684271450,False
TXN0000167,ACC1006,payment,787.73,mobile_app,2025-03-03 15:12:00.500848778,False
TXN0000168,ACC1022,withdrawal,3390.85,online,2025-01-20 13:50:26.785400925,False
TXN0000169,ACC1028,withdrawal,1989.02,branch,2025-09-19 20:59:35.943937258,False
TXN0000170,ACC1066,withdrawal,1156.46,mobile_app,2025-06-23 13:10:02.155579489,False
TXN0000171,ACC1005,deposit,1380.01,online,2025-11-06 22:05:55.157416811,False
TXN0000172,ACC1051,withdrawal,560.21,online,2025-05-20 22:33:32.240413252,False
TXN0000173,ACC1008,transfer,868.93,branch,2025-03-03 10:07:13.567179233,False
TXN0000174,ACC1059,withdrawal,494.74,online,2025-11-02 07:14:00.981729816,False
TXN0000175,ACC1036,withdrawal,769.9,branch,2025-07-20 08:26:54.143401303,False
TXN0000176,ACC1099,payment,5516.03,branch,2025-03-11 01:21:18.508822228,False
TXN0000177,ACC1039,payment,300.83,branch,2025-09-20 22:33:49.779422153,False
TXN0000178,ACC1041,transfer,479.88,atm,2025-07-06 13:21:19.703404889,False
TXN0000179,ACC1011,withdrawal,243.43,online,2025-08-09 13:46:54.207930722,False
TXN0000180,ACC1070,transfer,187.71,branch,2025-06-18 05:28:09.993682767,False
TXN0000181,ACC1058,deposit,876.44,mobile_app,2025-10-30 11:29:26.513684646,False
TXN0000182,ACC1001,withdrawal,522.63,atm,2025-10-30 18:58:09.801780660,False
TXN0000183,ACC1047,deposit,9081.79,atm,2025-09-16 22:14:45.885053846,False
TXN0000184,ACC1025,withdrawal,781.01,online,2025-02-08 11:18:57.837574831,False
TXN0000185,ACC1037,withdrawal,5152.7,branch,2025-11-03 04:21:35.389006712,False
TXN0000186,ACC1072,deposit,3503.82,online,2025-09-02 22:04:25.354085845,False
TXN0000187,ACC1038,payment,853.42,atm,2025-09-12 09:55:54.099111587,False
TXN0000188,ACC1094,payment,13796.4,branch,2025-05-13 11:43:46.854976500,False
TXN0000189,ACC1079,transfer,1513.59,mobile_app,2025-11-17 22:29:20.082967368,False
TXN0000190,ACC1031,withdrawal,6738.62,branch,2025-09-22 18:15:18.785006467,False
TXN0000191,ACC1059,payment,5860.07,atm,2025-02-11 02:17:32.952464678,False
TXN0000192,ACC1047,deposit,1803.67,mobile_app,2025-05-29 20:08:08.093032748,True
TXN0000193,ACC1075,transfer,2700.95,branch,2025-11-20 12:41:31.094775026,False
TXN0000194,ACC1063,deposit,2318.99,mobile_app,2025-01-18 05:26:35.184728541,False
TXN0000195,ACC1098,transfer,277.8,mobile_app,2025-12-17 22:00:34.517031675,False
TXN0000196,ACC1099,deposit,1174.68,atm,2025-09-05 21:27:50.754525730,False
TXN0000197,ACC1025,payment,3980.24,mobile_app,2025-08-19 10:51:12.830961528,False
TXN0000198,ACC1093,payment,6846.03,online,2025-04-09 18:05:56.712605300,False
TXN0000199,ACC1069,deposit,461.85,atm,2025-04-01 19:24:57.849678685,False
TXN0000200,ACC1097,withdrawal,2068.54,online,2025-12-10 20:25:48.009792351,False
TXN0000201,ACC1031,payment,1314.28,mobile_app,2025-04-19 20:52:00.116727294,False
TXN0000202,ACC1019,withdrawal,951.99,online,2025-10-11 01:25:35.037330366,False
TXN0000203,ACC1000,payment,1681.1,branch,2025-05-24 11:44:49.028258448,False
TXN0000204,ACC1052,withdrawal,1424.53,mobile_app,2025-02-20 19:51:56.376266420,False
TXN0000205,ACC1003,withdrawal,2099.99,branch,2025-01-04 21:51:57.628120838,False
TXN0000206,ACC1029,deposit,6186.1,online,2025-07-18 15:41:39.380112945,False
TXN0000207,ACC1069,deposit,2810.04,branch,2025-12-23 03:49:20.821759138,False
TXN0000208,ACC1044,transfer,1591.94,mobile_app,2025-05-15 17:37:59.007967069,False
TXN0000209,ACC1081,withdrawal,10275.83,branch,2025-05-11 09:00:17.444804664,False
TXN0000210,ACC1088,withdrawal,4154.37,online,2025-05-06 14:14:33.260500008,False
TXN0000211,ACC1001,withdrawal,981.54,online,2025-07-09 23:57:50.453246013,False
TXN0000212,ACC1042,withdrawal,254.54,online,2025-06-10 20:13:27.763668517,False
TXN0000213,ACC1000,payment,335.16,mobile_app,2025-11-18 04:03:07.668463129,False
TXN0000214,ACC1097,payment,3360.61,online,2025-07-04 12:21:43.687791993,False
TXN0000215,ACC1084,withdrawal,514.72,mobile_app,2025-07-05 07:57:31.185114704,False
TXN0000216,ACC1048,payment,327.12,branch,2025-02-20 12:08:06.611107476,False
TXN0000217,ACC1094,transfer,441.55,online,2025-12-25 16:47:54.162149933,False
TXN0000218,ACC1093,withdrawal,480.65,branch,2025-04-02 05:45:45.086439409,False
TXN0000219,ACC1039,payment,3043.54,atm,2025-01-27 18:40:09.231406032,False
TXN0000220,ACC1013,deposit,908.6,branch,2025-08-31 01:09:40.107682183,False
TXN0000221,ACC1026,deposit,211.27,atm,2025-08-06 07:24:33.849267134,False
TXN0000222,ACC1067,payment,1138.26,branch,2025-06-01 12:40:33.344315230,False
TXN0000223,ACC1030,withdrawal,1431.85,mobile_app,2025-06-04 02:24:14.287661064,False
TXN0000224,ACC1053,payment,616.95,branch,2025-10-14 13:09:35.814120255,False
TXN0000225,ACC1062,payment,4389.9,mobile_app,2025-03-13 10:26:33.818182532,False
TXN0000226,ACC1007,deposit,661.74,mobile_app,2025-10-27 09:25:08.666246038,False
TXN0000227,ACC1018,payment,4146.44,online,2025-08-25 19:01:28.983793290,False
TXN0000228,ACC1091,withdrawal,2244.28,mobile_app,2025-06-02 22:10:30.785911080,False
TXN0000229,ACC1035,withdrawal,3334.0,atm,2025-06-17 04:19:50.452588876,False
TXN0000230,ACC1011,transfer,293.46,online,2025-04-04 16:13:46.325820720,False
TXN0000231,ACC1005,payment,1233.95,online,2025-10-02 12:31:17.595931797,False
TXN0000232,ACC1029,deposit,1029.27,branch,2025-07-07 04:46:57.873338921,False
TXN0000233,ACC1066,withdrawal,199.06,mobile_app,2025-04-28 02:41:08.860159066,False
TXN0000234,ACC1052,transfer,4130.17,mobile_app,2025-08-06 13:23:56.450637323,False
TXN0000235,ACC1089,transfer,411.22,atm,2025-12-30 10:38:01.679890522,False
TXN0000236,ACC1047,transfer,527.7,branch,2025-06-08 20:53:51.251249077,False
TXN0000237,ACC1058,deposit,325.06,branch,2025-12-03 01:15:24.014954543,False
TXN0000238,ACC1095,deposit,2543.82,online,2025-05-06 22:20:51.063861114,False
TXN0000239,ACC1010,withdrawal,175.72,online,2025-01-20 23:27:30.645586350,False
TXN0000240,ACC1074,payment,2301.81,online,2025-03-16 13:09:39.066434769,False
TXN0000241,ACC1012,deposit,3840.73,atm,2025-06-02 19:46:10.039981846,False
TXN0000242,ACC1064,deposit,2089.36,atm,2025-03-22 04:00:07.108158329,False
TXN0000243,ACC1017,payment,2578.99,online,2025-01-01 01:59:19.877250909,True
TXN0000244,ACC1081,deposit,2728.36,branch,2025-11-30 23:24:48.494406015,False
TXN0000245,ACC1050,payment,350.97,atm,2025-11-05 00:23:01.112578578,False
TXN0000246,ACC1009,transfer,6134.49,branch,2025-09-28 22:28:47.812172364,False
TXN0000247,ACC1075,payment,631.38,branch,2025-03-03 06:03:21.088293154,False
TXN0000248,ACC1072,deposit,1012.66,mobile_app,2025-02-13 22:23:05.739358119,False
TXN0000249,ACC1007,deposit,735.71,online,2025-01-25 16:13:03.379361070,False
TXN0000250,ACC1055,transfer,1978.02,mobile_app,2025-09-22 06:29:44.497142839,False
TXN0000251,ACC1084,payment,574.99,online,2025-12-06 00:21:27.848253156,False
TXN0000252,ACC1016,transfer,1188.32,online,2025-06-07 03:29:37.648313534,False
TXN0000253,ACC1030,deposit,249.03,branch,2025-02-13 11:40:20.232067376,False
TXN0000254,ACC1037,transfer,4436.4,online,2025-07-07 00:33:39.994607712,False
TXN0000255,ACC1033,transfer,2452.56,branch,2025-05-08 07:46:03.033615360,False
TXN0000256,ACC1040,transfer,772.23,branch,2025-05-17 19:27:58.814301530,False
TXN0000257,ACC1050,transfer,624.54,online,2025-08-15 18:51:22.563374388,False
TXN0000258,ACC1089,payment,2376.9,branch,2025-09-20 07:58:14.419836816,False
TXN0000259,ACC1094,transfer,469.3,branch,2025-02-10 08:53:15.094063999,False
TXN0000260,ACC1041,deposit,1274.66,branch,2025-01-13 23:46:13.518713040,False
TXN0000261,ACC1040,withdrawal,4419.04,atm,2025-12-29 22:20:00.425496701,False
TXN0000262,ACC1057,deposit,414.26,branch,2025-03-26 22:42:01.211400840,False
TXN0000263,ACC1034,withdrawal,1706.71,atm,2025-01-20 15:33:19.433513168,False
TXN0000264,ACC1029,withdrawal,1601.78,atm,2025-03-11 07:18:28.378368933,False
TXN0000265,ACC1009,deposit,975.74,branch,2025-01-15 05:16:14.642445164,False
TXN0000266,ACC1025,withdrawal,599.11,branch,2025-05-24 00:15:48.372647120,False
TXN0000267,ACC1017,deposit,4711.48,atm,2025-10-20 21:02:22.674456965,False
TXN0000268,ACC1099,payment,535.35,atm,2025-05-05 13:18:04.967559475,False
TXN0000269,ACC1098,payment,124.66,branch,2025-06-12 03:02:47.919316168,False
TXN0000270,ACC1074,deposit,2365.25,branch,2025-09-04 14:08:24.491222753,False
TXN0000271,ACC1013,payment,259.42,online,2025-07-05 17:54:43.393723744,False
TXN0000272,ACC1019,withdrawal,2515.58,atm,2025-11-11 10:15:51.154368477,False
TXN0000273,ACC1013,deposit,5441.9,atm,2025-11-13 02:28:21.048242975,False
TXN0000274,ACC1021,deposit,2334.84,online,2025-01-04 14:49:03.693009023,False
TXN0000275,ACC1057,withdrawal,3966.71,atm,2025-10-11 23:41:08.321254169,False
TXN0000276,ACC1059,transfer,12382.74,mobile_app,2025-06-18 04:01:34.817221430,False
TXN0000277,ACC1040,transfer,3498.58,atm,2025-12-27 22:14:35.310552316,False
TXN0000278,ACC1052,deposit,1630.58,online,2025-06-26 09:06:46.744807720,False
TXN0000279,ACC1015,deposit,7791.1,mobile_app,2025-12-27 05:12:30.533765351,False
TXN0000280,ACC1068,withdrawal,9006.76,branch,2025-10-03 10:01:39.374984104,False
TXN0000281,ACC1045,deposit,9159.31,online,2025-04-01 17:46:43.641165227,False
TXN0000282,ACC1098,deposit,607.55,online,2025-07-16 12:20:24.066793492,False
TXN0000283,ACC1026,deposit,215.98,branch,2025-12-29 03:06:29.526596585,True
TXN0000284,ACC1057,payment,564.63,online,2025-11-09 23:58:05.246064661,False
TXN0000285,ACC1039,payment,2551.33,atm,2025-02-05 12:56:02.362599948,False
TXN0000286,ACC1059,withdrawal,1327.42,branch,2025-09-15 19:49:07.291400039,False
TXN0000287,ACC1033,payment,855.96,online,2025-05-07 03:16:37.820021963,False
TXN0000288,ACC1015,withdrawal,2148.61,branch,2025-01-03 13:09:52.610658661,False
TXN0000289,ACC1011,withdrawal,187.74,branch,2025-05-28 06:29:35.839235454,False
TXN0000290,ACC1020,deposit,1299.07,branch,2025-03-27 16:26:55.443518692,False
TXN0000291,ACC1087,transfer,4197.1,mobile_app,2025-10-26 21:17:41.315133589,False
TXN0000292,ACC1038,payment,2120.02,online,2025-05-04 03:00:58.080560060,False
TXN0000293,ACC1090,transfer,2515.36,mobile_app,2025-10-30 01:06:27.212527572,False
TXN0000294,ACC1089,withdrawal,7456.54,online,2025-01-01 05:14:16.599094105,False
TXN0000295,ACC1077,transfer,1012.96,atm,2025-04-23 08:29:44.715223694,False
TXN0000296,ACC1005,deposit,500.84,atm,2025-03-30 00:36:26.198409579,False
TXN0000297,ACC1027,payment,4570.68,atm,2025-03-27 06:03:00.298659715,False
TXN0000298,ACC1041,withdrawal,4470.9,online,2025-01-25 21:18:53.240923632,True
TXN0000299,ACC1018,withdrawal,2142.97,branch,2025-03-10 07:12:30.991665579,False
TXN0000300,ACC1011,withdrawal,904.66,branch,2025-07-22 18:36:51.235912912,False
TXN0000301,ACC1091,transfer,1098.45,mobile_app,2025-04-17 08:19:22.793011106,False
TXN0000302,ACC1031,deposit,236.96,mobile_app,2025-06-02 08:22:41.855532009,False
TXN0000303,ACC1045,transfer,4169.44,atm,2025-05-18 13:21:13.938628936,False
TXN0000304,ACC1050,deposit,3996.53,mobile_app,2025-11-16 16:55:37.714796673,False
TXN0000305,ACC1065,transfer,227.23,online,2025-11-27 10:25:09.232795611,False
TXN0000306,ACC1006,payment,3106.21,online,2025-06-29 22:18:11.058139200,False
TXN0000307,ACC1086,payment,1780.99,mobile_app,2025-05-01 12:09:58.049152899,False
TXN0000308,ACC1038,withdrawal,321.7,mobile_app,2025-02-08 23:34:27.001418537,False
TXN0000309,ACC1033,withdrawal,257.96,mobile_app,2025-12-14 23:48:33.204193750,False
TXN0000310,ACC1022,deposit,1716.76,mobile_app,2025-01-22 23:35:16.934375783,False
TXN0000311,ACC1003,transfer,680.45,atm,2025-04-19 15:24:59.153393295,False
TXN0000312,ACC1051,deposit,9739.44,atm,2025-04-19 19:03:35.720097249,False
TXN0000313,ACC1057,withdrawal,3439.63,mobile_app,2025-04-27 22:42:54.959717813,False
TXN0000314,ACC1071,deposit,1936.1,online,2025-03-01 23:09:09.889438700,False
TXN0000315,ACC1095,deposit,2054.31,atm,2025-10-13 20:29:38.885609716,False
TXN0000316,ACC1070,transfer,5415.61,online,2025-02-14 17:04:52.574959439,False
TXN0000317,ACC1031,deposit,3028.5,branch,2025-08-20 17:46:56.403054140,False
TXN0000318,ACC1012,transfer,1997.64,online,2025-02-15 04:53:28.298194661,False
TXN0000319,ACC1059,withdrawal,338.22,mobile_app,2025-01-26 17:53:31.867131474,False
TXN0000320,ACC1013,deposit,43232.01,branch,2025-11-28 22:36:08.828237799,False
TXN0000321,ACC1017,withdrawal,291.83,atm,2025-03-11 09:31:40.774626704,False
TXN0000322,ACC1015,deposit,753.67,atm,2025-10-27 18:09:04.874194837,True
TXN0000323,ACC1001,deposit,150.55,branch,2025-07-18 18:57:59.151234637,False
TXN0000324,ACC1007,transfer,2093.43,online,2025-01-29 10:01:23.202382157,False
TXN0000325,ACC1099,deposit,1314.66,atm,2025-12-15 17:43:34.165190893,False
TXN0000326,ACC1028,payment,2747.18,mobile_app,2025-04-01 03:22:47.362256325,False
TXN0000327,ACC1016,deposit,136.06,branch,2025-11-10 18:29:35.611039800,False
TXN0000328,ACC1025,deposit,4169.23,mobile_app,2025-03-03 14:46:32.342422013,False
TXN0000329,ACC1051,transfer,416.16,branch,2025-11-08 16:32:22.731225472,False
TXN0000330,ACC1047,withdrawal,917.08,atm,2025-01-05 19:53:03.843781350,False
TXN0000331,ACC1087,deposit,3353.92,online,2025-07-06 19:11:48.478375147,False
TXN0000332,ACC1080,withdrawal,1500.45,branch,2025-10-08 20:19:01.184638212,False
TXN0000333,ACC1082,deposit,1633.26,branch,2025-12-08 04:48:31.439652413,False
TXN0000334,ACC1010,payment,2861.25,mobile_app,2025-11-28 20:36:38.567407769,False
TXN0000335,ACC1074,withdrawal,1834.54,atm,2025-10-27 03:54:49.886054530,False
TXN0000336,ACC1075,transfer,728.27,mobile_app,2025-11-21 04:33:22.402918886,False
TXN0000337,ACC1033,payment,898.06,atm,2025-03-14 17:09:52.012558042,False
TXN0000338,ACC1009,withdrawal,1414.11,mobile_app,2025-04-14 17:27:15.949565078,False
TXN0000339,ACC1002,payment,374.4,branch,2025-04-16 11:21:51.401910504,False
TXN0000340,ACC1008,withdrawal,3623.55,mobile_app,2025-05-18 14:59:32.768069576,False
TXN0000341,ACC1025,payment,1550.58,online,2025-05-24 13:29:20.661267312,False
TXN0000342,ACC1082,deposit,1199.59,atm,2025-07-18 18:18:16.718309850,False
TXN0000343,ACC1056,transfer,4587.07,atm,2025-02-28 08:32:48.217524095,False
TXN0000344,ACC1016,withdrawal,949.43,branch,2025-09-10 07:19:14.789154959,False
TXN0000345,ACC1011,withdrawal,881.03,atm,2025-03-03 03:52:58.383506919,False
TXN0000346,ACC1042,transfer,613.05,online,2025-04-24 06:18:08.291649006,False
TXN0000347,ACC1015,transfer,1655.21,mobile_app,2025-07-03 17:18:12.038795671,False
TXN0000348,ACC1005,deposit,1587.86,branch,2025-10-18 16:49:09.548204378,False
TXN0000349,ACC1059,deposit,492.98,online,2025-09-27 21:45:01.739416498,False
TXN0000350,ACC1006,transfer,886.04,atm,2025-08-24 14:52:51.463762227,False
TXN0000351,ACC1021,transfer,496.94,atm,2025-02-26 20:34:25.545656245,False
TXN0000352,ACC1073,payment,470.67,online,2025-07-19 16:07:02.019332861,False
TXN0000353,ACC1055,transfer,137.57,mobile_app,2025-02-01 22:01:52.880761188,False
TXN0000354,ACC1092,payment,831.23,mobile_app,2025-05-18 17:42:05.143459176,False
TXN0000355,ACC1050,transfer,142.22,branch,2025-05-31 22:24:17.299224152,False
TXN0000356,ACC1063,deposit,629.31,atm,2025-01-15 12:44:53.554361288,True
TXN0000357,ACC1003,deposit,525.72,online,2025-04-11 00:08:08.704885030,False
TXN0000358,ACC1048,transfer,3874.9,mobile_app,2025-12-15 19:29:21.599716007,False
TXN0000359,ACC1087,transfer,324.43,branch,2025-12-15 01:49:17.920517090,False
TXN0000360,ACC1054,deposit,439.91,atm,2025-05-09 14:23:05.982908075,False
TXN0000361,ACC1022,withdrawal,693.79,atm,2025-01-16 17:33:25.035794349,False
TXN0000362,ACC1045,payment,546.66,branch,2025-03-07 08:52:18.006653536,False
TXN0000363,ACC1027,withdrawal,5670.91,branch,2025-05-24 03:49:40.333720117,False
TXN0000364,ACC1023,withdrawal,279.7,mobile_app,2025-12-12 22:33:00.555157632,True
TXN0000365,ACC1035,withdrawal,695.56,online,2025-02-21 12:54:13.667708664,False
TXN0000366,ACC1035,deposit,1633.5,atm,2025-10-06 16:23:55.645920744,False
TXN0000367,ACC1057,withdrawal,3157.13,online,2025-02-09 16:03:32.561720288,False
TXN0000368,ACC1019,withdrawal,694.86,atm,2025-12-25 03:48:58.960611311,False
TXN0000369,ACC1004,deposit,109.76,atm,2025-05-20 06:57:37.915905683,False
TXN0000370,ACC1078,transfer,915.87,online,2025-10-10 23:03:16.418720635,False
TXN0000371,ACC1079,withdrawal,5554.89,branch,2025-05-06 01:05:52.387531851,False
TXN0000372,ACC1078,payment,1538.59,mobile_app,2025-08-18 02:22:45.710080193,False
TXN0000373,ACC1031,payment,1456.37,atm,2025-03-12 02:03:39.248361797,False
TXN0000374,ACC1082,deposit,306.24,branch,2025-02-23 07:08:38.864549008,False
TXN0000375,ACC1037,transfer,270.75,atm,2025-12-09 09:26:30.705420586,False
TXN0000376,ACC1063,withdrawal,1120.63,mobile_app,2025-12-01 22:35:24.555994212,False
TXN0000377,ACC1052,payment,198.02,atm,2025-11-20 22:13:40.498553461,False
TXN0000378,ACC1070,deposit,2800.73,mobile_app,2025-08-17 06:47:49.284453690,False
TXN0000379,ACC1061,transfer,397.04,mobile_app,2025-10-23 00:25:46.308916545,False
TXN0000380,ACC1007,transfer,1064.66,atm,2025-01-26 04:45:48.842437115,False
TXN0000381,ACC1011,deposit,114.1,atm,2025-05-03 04:45:07.225064458,False
TXN0000382,ACC1035,deposit,683.64,mobile_app,2025-04-25 12:02:21.742341676,False
TXN0000383,ACC1049,transfer,264.27,branch,2025-08-21 00:15:10.873097608,False
TXN0000384,ACC1017,transfer,67.6,online,2025-05-10 22:11:24.344170120,False
TXN0000385,ACC1053,withdrawal,2101.09,mobile_app,2025-02-24 04:55:09.865915118,False
TXN0000386,ACC1025,transfer,7858.82,atm,2025-08-06 17:03:05.690241518,False
TXN0000387,ACC1082,withdrawal,4252.95,atm,2025-10-25 06:00:11.322220158,False
TXN0000388,ACC1067,transfer,2485.0,branch,2025-05-20 11:24:06.521289713,False
TXN0000389,ACC1031,deposit,667.18,online,2025-02-18 06:40:26.199345717,False
TXN0000390,ACC1080,payment,2884.39,mobile_app,2025-03-13 18:59:18.990457186,False
TXN0000391,ACC1069,deposit,4762.96,mobile_app,2025-03-28 16:21:13.511821697,False
TXN0000392,ACC1002,withdrawal,1292.31,online,2025-04-20 11:06:10.492675692,False
TXN0000393,ACC1048,deposit,264.75,mobile_app,2025-08-23 14:53:05.343486961,True
TXN0000394,ACC1091,deposit,602.29,online,2025-08-08 08:16:56.800381503,False
TXN0000395,ACC1045,withdrawal,8461.11,atm,2025-09-12 01:39:34.514378147,False
TXN0000396,ACC1061,deposit,1002.55,online,2025-05-13 07:31:02.584185798,False
TXN0000397,ACC1069,payment,20.29,mobile_app,2025-10-28 18:13:09.949686997,False
TXN0000398,ACC1062,deposit,188.16,online,2025-03-16 11:48:28.482208056,False
TXN0000399,ACC1044,withdrawal,658.96,branch,2025-06-21 04:47:49.013732503,False
TXN0000400,ACC1072,withdrawal,3800.89,atm,2025-10-20 08:13:23.522530549,False
TXN0000401,ACC1064,deposit,790.17,atm,2025-03-07 18:11:23.114895878,False
TXN0000402,ACC1041,deposit,3886.71,online,2025-02-10 02:24:03.154929333,False
TXN0000403,ACC1049,withdrawal,583.24,mobile_app,2025-11-19 13:04:17.605008448,False
TXN0000404,ACC1034,withdrawal,103.84,branch,2025-05-06 04:03:49.844774001,False
TXN0000405,ACC1023,withdrawal,607.97,atm,2025-09-07 14:42:08.259131234,False
TXN0000406,ACC1003,withdrawal,1658.94,atm,2025-01-10 06:03:13.584067559,False
TXN0000407,ACC1040,withdrawal,1501.68,mobile_app,2025-09-09 20:48:38.672880402,False
TXN0000408,ACC1076,deposit,243.2,mobile_app,2025-04-26 09:02:50.960945258,False
TXN0000409,ACC1028,withdrawal,719.51,branch,2025-01-21 08:17:23.558733559,False
TXN0000410,ACC1003,payment,27490.87,online,2025-08-11 13:57:35.248181417,False
TXN0000411,ACC1099,withdrawal,249.65,mobile_app,2025-03-29 21:26:29.143683588,False
TXN0000412,ACC1035,transfer,2423.26,online,2025-05-22 04:25:53.185348087,False
TXN0000413,ACC1007,withdrawal,88.59,branch,2025-01-30 09:53:16.496267496,False
TXN0000414,ACC1060,transfer,3091.93,online,2025-02-23 17:09:00.286530192,False
TXN0000415,ACC1067,transfer,375.86,atm,2025-04-19 18:16:50.098596931,False
TXN0000416,ACC1045,withdrawal,1776.69,online,2025-02-02 18:17:35.609665119,False
TXN0000417,ACC1098,payment,232.8,branch,2025-11-29 10:50:17.083147632,False
TXN0000418,ACC1074,deposit,1554.68,branch,2025-01-03 04:58:19.553849941,False
TXN0000419,ACC1029,deposit,368.57,branch,2025-06-26 14:36:55.862104927,False
TXN0000420,ACC1020,transfer,464.96,online,2025-02-14 23:38:51.839668144,False
TXN0000421,ACC1012,payment,1863.82,atm,2025-04-23 07:16:07.765776583,False
TXN0000422,ACC1031,deposit,654.28,mobile_app,2025-12-05 00:16:54.278428820,False
TXN0000423,ACC1084,deposit,1731.01,atm,2025-03-01 00:26:39.432048449,False
TXN0000424,ACC1030,deposit,872.18,online,2025-12-19 12:41:28.034637336,False
TXN0000425,ACC1034,deposit,1189.15,online,2025-03-17 02:45:31.472738400,False
TXN0000426,ACC1068,transfer,1870.77,mobile_app,2025-09-28 16:07:08.796609937,False
TXN0000427,ACC1094,withdrawal,720.52,online,2025-07-19 12:53:34.225801624,False
TXN0000428,ACC1007,withdrawal,331.87,branch,2025-11-19 20:02:01.153491397,False
TXN0000429,ACC1097,withdrawal,578.96,branch,2025-07-22 04:58:51.305546737,False
TXN0000430,ACC1028,deposit,4601.64,branch,2025-07-15 02:44:19.535313353,False
TXN0000431,ACC1073,deposit,1260.68,branch,2025-03-13 08:12:43.499617862,False
TXN0000432,ACC1049,transfer,397.87,branch,2025-03-02 16:10:09.161661106,False
TXN0000433,ACC1045,payment,1775.56,online,2025-12-01 12:26:41.869578857,False
TXN0000434,ACC1022,payment,1923.65,mobile_app,2025-04-30 15:51:45.438934671,False
TXN0000435,ACC1022,deposit,2046.73,mobile_app,2025-05-16 19:26:25.992509884,False
TXN0000436,ACC1030,payment,339.2,branch,2025-10-05 08:03:18.892197650,False
TXN0000437,ACC1075,transfer,483.54,online,2025-05-04 16:05:37.341685654,False
TXN0000438,ACC1040,transfer,486.78,atm,2025-12-14 12:04:01.317207590,False
TXN0000439,ACC1094,withdrawal,711.39,atm,2025-09-27 08:14:50.123146165,False
TXN0000440,ACC1089,withdrawal,2093.73,online,2025-08-07 01:28:48.593795373,False
TXN0000441,ACC1045,withdrawal,1564.66,branch,2025-11-18 12:38:29.782939318,False
TXN0000442,ACC1075,deposit,1720.31,mobile_app,2025-01-19 02:32:51.925709287,False
TXN0000443,ACC1003,deposit,5568.18,online,2025-04-04 19:52:09.060878887,False
TXN0000444,ACC1090,deposit,2506.57,atm,2025-06-19 17:43:05.835990613,False
TXN0000445,ACC1089,withdrawal,925.04,atm,2025-03-24 20:19:55.220773889,False
TXN0000446,ACC1045,transfer,264.9,atm,2025-09-29 12:36:33.986760667,False
TXN0000447,ACC1072,withdrawal,465.24,branch,2025-12-02 12:15:44.467310278,False
TXN0000448,ACC1072,deposit,801.07,atm,2025-06-04 16:13:34.502141596,False
TXN0000449,ACC1018,payment,2965.96,online,2025-05-05 21:04:53.677128722,False
TXN0000450,ACC1072,payment,1061.25,online,2025-12-17 23:11:03.888690290,False
TXN0000451,ACC1024,transfer,498.98,atm,2025-06-12 08:54:26.321649327,False
TXN0000452,ACC1063,payment,455.11,online,2025-06-28 12:03:50.356568597,False
TXN0000453,ACC1069,withdrawal,1008.79,atm,2025-05-09 08:27:10.374174331,False
TXN0000454,ACC1039,payment,3190.67,atm,2025-11-28 23:38:40.644910795,False
TXN0000455,ACC1022,deposit,7399.91,mobile_app,2025-07-27 16:03:00.120776443,False
TXN0000456,ACC1062,withdrawal,856.69,branch,2025-10-06 04:38:57.781360345,True
TXN0000457,ACC1004,deposit,1039.31,branch,2025-10-24 07:25:36.669913550,False
TXN0000458,ACC1011,deposit,255.51,mobile_app,2025-05-05 18:35:51.385902650,False
TXN0000459,ACC1007,deposit,11237.72,mobile_app,2025-06-08 07:09:44.432519503,False
TXN0000460,ACC1029,transfer,204.14,branch,2025-11-06 16:36:45.877675962,False
TXN0000461,ACC1077,transfer,4473.81,atm,2025-05-13 14:07:00.770448348,False
TXN0000462,ACC1028,withdrawal,707.4,atm,2025-10-17 18:52:18.368537580,False
TXN0000463,ACC1002,deposit,534.19,branch,2025-12-10 11:05:33.884707444,False
TXN0000464,ACC1067,payment,289.45,atm,2025-08-16 11:19:22.325072664,False
TXN0000465,ACC1061,transfer,19772.72,mobile_app,2025-09-28 16:39:18.137082772,False
TXN0000466,ACC1000,withdrawal,1430.52,atm,2025-10-21 20:39:08.832529235,False
TXN0000467,ACC1042,transfer,1125.0,atm,2025-11-05 10:32:50.367604516,False
TXN0000468,ACC1078,deposit,3178.23,online,2025-05-25 04:40:02.062651915,False
TXN0000469,ACC1025,withdrawal,502.2,online,2025-01-19 17:04:04.448574275,False
TXN0000470,ACC1016,payment,1099.07,online,2025-05-27 16:26:10.089721815,False
TXN0000471,ACC1043,deposit,1173.33,atm,2025-09-03 22:06:16.462471057,False
TXN0000472,ACC1091,withdrawal,593.14,branch,2025-06-14 09:04:09.765983084,False
TXN0000473,ACC1022,payment,4626.55,mobile_app,2025-10-01 08:55:01.925533531,False
TXN0000474,ACC1041,transfer,843.55,atm,2025-05-11 07:09:57.895723782,False
TXN0000475,ACC1007,deposit,170.08,branch,2025-08-20 16:21:31.233856677,False
TXN0000476,ACC1002,deposit,763.72,atm,2025-03-10 01:02:14.965874940,False
TXN0000477,ACC1018,deposit,1478.84,mobile_app,2025-10-01 12:28:34.554035363,False
TXN0000478,ACC1075,transfer,375.33,atm,2025-07-19 04:17:48.072487580,False
TXN0000479,ACC1090,withdrawal,412.6,mobile_app,2025-03-16 11:36:14.557205594,False
TXN0000480,ACC1018,deposit,569.35,atm,2025-04-17 13:08:30.767426854,False
TXN0000481,ACC1099,payment,4748.02,mobile_app,2025-10-01 05:48:44.233836664,False
TXN0000482,ACC1014,withdrawal,611.19,atm,2025-06-26 03:35:12.567821720,False
TXN0000483,ACC1067,deposit,6093.27,mobile_app,2025-03-20 20:26:07.504235928,False
TXN0000484,ACC1046,withdrawal,524.3,online,2025-12-20 01:17:44.259517711,False
TXN0000485,ACC1009,transfer,1619.73,atm,2025-09-19 00:29:42.624945378,False
TXN0000486,ACC1047,deposit,641.95,atm,2025-12-16 08:30:04.078975011,False
TXN0000487,ACC1090,deposit,2710.53,branch,2025-06-05 21:26:24.710483785,False
TXN0000488,ACC1084,payment,286.6,branch,2025-06-23 09:52:44.344054099,False
TXN0000489,ACC1050,withdrawal,2674.27,mobile_app,2025-11-24 18:05:15.697610764,False
TXN0000490,ACC1075,withdrawal,1257.2,atm,2025-07-11 15:25:55.993978450,False
TXN0000491,ACC1012,withdrawal,508.78,mobile_app,2025-09-16 03:45:47.765857118,False
TXN0000492,ACC1043,deposit,898.33,online,2025-04-03 01:02:03.864699029,True
TXN0000493,ACC1038,deposit,6909.32,branch,2025-06-13 01:19:25.917006472,False
TXN0000494,ACC1041,withdrawal,1293.9,mobile_app,2025-02-15 01:25:14.968195357,False
TXN0000495,ACC1017,deposit,471.88,mobile_app,2025-03-17 04:23:06.411415862,False
TXN0000496,ACC1020,deposit,258.36,branch,2025-01-01 08:15:51.543880009,False
TXN0000497,ACC1093,payment,2011.2,atm,2025-01-15 07:57:42.668792150,False
TXN0000498,ACC1055,payment,1387.16,mobile_app,2025-12-23 17:00:22.647707642,False
TXN0000499,ACC1081,transfer,2525.07,branch,2025-03-30 11:01:06.129832932,False
TXN0000500,ACC1062,payment,189.68,atm,2025-08-31 02:36:06.534918204,False
TXN0000501,ACC1083,deposit,268.62,online,2025-11-03 06:30:48.101344548,False
TXN0000502,ACC1040,payment,4342.72,branch,2025-07-20 23:47:08.242484294,True
TXN0000503,ACC1022,deposit,1632.08,mobile_app,2025-02-25 21:32:44.954647641,False
TXN0000504,ACC1090,payment,2079.91,online,2025-09-23 18:17:59.967833340,False
TXN0000505,ACC1071,payment,345.43,atm,2025-08-08 02:12:08.468900449,False
TXN0000506,ACC1088,transfer,337.92,atm,2025-09-24 21:45:18.585658820,False
TXN0000507,ACC1078,payment,3602.96,branch,2025-10-08 22:58:49.498421099,False
TXN0000508,ACC1045,withdrawal,3812.55,branch,2025-12-23 00:35:41.355306124,False
TXN0000509,ACC1028,deposit,297.08,branch,2025-07-29 08:24:51.598922322,False
TXN0000510,ACC1085,withdrawal,236.22,atm,2025-05-05 16:46:34.129810822,False
TXN0000511,ACC1075,withdrawal,962.65,online,2025-08-25 16:32:58.266405873,False
TXN0000512,ACC1022,deposit,420.22,atm,2025-01-25 23:32:26.206675454,False
TXN0000513,ACC1048,transfer,409.85,mobile_app,2025-11-24 13:12:01.830589545,False
TXN0000514,ACC1039,payment,244.29,atm,2025-02-13 13:46:39.573561371,False
TXN0000515,ACC1093,deposit,625.08,mobile_app,2025-04-30 15:54:11.735567167,False
TXN0000516,ACC1088,transfer,274.34,online,2025-10-25 17:55:46.323425346,False
TXN0000517,ACC1037,payment,294.57,branch,2025-08-07 00:27:23.163037326,False
TXN0000518,ACC1016,payment,1568.81,branch,2025-05-24 16:14:49.767469416,False
TXN0000519,ACC1022,payment,1026.35,atm,2025-06-22 19:17:46.954050673,False
TXN0000520,ACC1093,withdrawal,1962.26,branch,2025-11-08 21:50:06.592023957,False
TXN0000521,ACC1000,payment,151.59,online,2025-05-05 02:26:18.318784755,False
TXN0000522,ACC1089,transfer,1109.71,branch,2025-11-14 10:07:52.460236632,False
TXN0000523,ACC1073,deposit,13236.92,atm,2025-02-02 04:03:27.415280943,False
TXN0000524,ACC1050,withdrawal,701.54,online,2025-10-11 12:45:15.515811377,False
TXN0000525,ACC1098,transfer,2950.41,mobile_app,2025-11-06 08:31:02.156014168,False
TXN0000526,ACC1072,deposit,2919.62,atm,2025-03-08 08:43:21.499878311,False
TXN0000527,ACC1004,transfer,3097.15,mobile_app,2025-06-07 01:50:08.244889716,False
TXN0000528,ACC1023,transfer,1339.42,online,2025-03-02 09:46:40.893793043,False
TXN0000529,ACC1077,deposit,2163.11,atm,2025-09-15 21:51:07.811961652,False
TXN0000530,ACC1040,withdrawal,2537.2,atm,2025-07-15 09:38:47.213592406,False
TXN0000531,ACC1078,transfer,2350.86,online,2025-08-20 21:25:57.061793614,False
TXN0000532,ACC1028,withdrawal,286.89,branch,2025-03-13 17:13:32.989931077,False
TXN0000533,ACC1081,deposit,141.34,atm,2025-03-19 06:53:37.505685099,False
TXN0000534,ACC1072,deposit,169.98,atm,2025-01-16 03:30:59.657280405,False
TXN0000535,ACC1013,withdrawal,792.99,mobile_app,2025-04-28 13:18:41.789932528,False
TXN0000536,ACC1063,payment,2236.6,branch,2025-07-24 07:21:47.639818776,False
TXN0000537,ACC1018,deposit,291.4,mobile_app,2025-11-10 03:30:35.447819760,False
TXN0000538,ACC1042,transfer,3323.47,mobile_app,2025-09-01 10:17:03.983056958,False
TXN0000539,ACC1095,deposit,600.2,branch,2025-06-08 22:04:18.454734563,False
TXN0000540,ACC1009,withdrawal,607.1,branch,2025-12-14 21:19:55.927533529,False
TXN0000541,ACC1030,payment,402.09,online,2025-09-20 12:35:16.645359431,False
TXN0000542,ACC1044,transfer,114.23,branch,2025-12-06 12:14:49.837473372,False
TXN0000543,ACC1040,deposit,1444.01,atm,2025-07-12 13:40:14.325111019,False
TXN0000544,ACC1021,withdrawal,8562.96,branch,2025-04-05 12:00:05.209876454,False
TXN0000545,ACC1081,deposit,1017.19,online,2025-01-20 06:45:42.381197870,False
TXN0000546,ACC1011,withdrawal,119.01,online,2025-09-23 00:30:11.876394706,False
TXN0000547,ACC1090,transfer,2797.3,online,2025-02-14 06:36:51.345102527,False
TXN0000548,ACC1085,deposit,156.06,branch,2025-04-21 12:18:36.445184755,False
TXN0000549,ACC1081,deposit,257.02,branch,2025-07-14 08:26:42.551026592,False
TXN0000550,ACC1093,withdrawal,823.85,mobile_app,2025-07-26 00:17:21.512222122,False
TXN0000551,ACC1042,payment,1270.81,mobile_app,2025-08-08 05:06:31.700186317,False
TXN0000552,ACC1057,payment,326.88,atm,2025-03-02 16:23:48.097908156,False
TXN0000553,ACC1001,deposit,786.21,mobile_app,2025-05-19 14:29:58.798455515,False
TXN0000554,ACC1033,transfer,2586.85,atm,2025-08-14 06:37:17.146360657,False
TXN0000555,ACC1026,withdrawal,3049.14,online,2025-12-20 23:36:47.715091032,False
TXN0000556,ACC1031,withdrawal,4923.37,mobile_app,2025-09-23 14:02:55.558497384,False
TXN0000557,ACC1088,transfer,10843.3,branch,2025-12-03 18:00:32.083715053,False
TXN0000558,ACC1008,payment,2898.26,mobile_app,2025-10-06 04:58:39.470995885,False
TXN0000559,ACC1044,payment,845.49,atm,2025-08-04 23:26:26.330990743,False
TXN0000560,ACC1032,withdrawal,3075.36,mobile_app,2025-03-12 02:07:28.969083765,False
TXN0000561,ACC1013,withdrawal,1919.96,online,2025-09-01 08:09:58.718082294,True
TXN0000562,ACC1092,transfer,2013.52,branch,2025-08-16 12:48:17.992111631,False
TXN0000563,ACC1000,deposit,1356.5,atm,2025-08-08 21:37:47.759540350,False
TXN0000564,ACC1006,withdrawal,367.06,branch,2025-06-28 18:31:27.132877162,False
TXN0000565,ACC1049,withdrawal,319.35,branch,2025-07-12 23:01:54.663405795,False
TXN0000566,ACC1056,transfer,976.0,atm,2025-05-03 01:42:59.535196531,False
TXN0000567,ACC1093,deposit,1311.19,branch,2025-07-09 13:10:45.075167676,False
TXN0000568,ACC1053,deposit,485.25,branch,2025-03-14 02:35:23.041476493,False
TXN0000569,ACC1021,payment,1822.58,mobile_app,2025-10-21 21:19:39.795156840,False
TXN0000570,ACC1052,deposit,13318.63,branch,2025-03-09 19:24:22.043378453,False
TXN0000571,ACC1063,withdrawal,135.21,branch,2025-02-01 00:18:16.917954209,False
TXN0000572,ACC1048,deposit,2205.46,branch,2025-06-09 05:30:54.687199311,False
TXN0000573,ACC1044,deposit,1013.16,branch,2025-08-29 06:46:23.412263168,False
TXN0000574,ACC1069,deposit,1883.31,atm,2025-06-09 18:23:57.791104160,False
TXN0000575,ACC1048,deposit,654.02,online,2025-04-12 00:21:58.305216464,True
TXN0000576,ACC1012,payment,920.33,mobile_app,2025-07-23 17:34:46.455168941,True
TXN0000577,ACC1061,deposit,1281.01,branch,2025-05-07 15:44:25.649559139,False
TXN0000578,ACC1073,payment,763.6,branch,2025-12-07 11:55:15.475833494,False
TXN0000579,ACC1083,withdrawal,176.86,atm,2025-12-03 18:22:17.122538248,False
TXN0000580,ACC1097,withdrawal,828.24,online,2025-07-03 08:46:37.714639998,True
TXN0000581,ACC1087,withdrawal,200.39,branch,2025-04-30 16:15:49.635359804,False
TXN0000582,ACC1028,withdrawal,2401.46,atm,2025-09-27 01:16:47.806536564,False
TXN0000583,ACC1020,transfer,116.9,mobile_app,2025-01-14 09:36:19.385681987,False
TXN0000584,ACC1057,deposit,3768.32,mobile_app,2025-06-23 06:58:35.374592585,False
TXN0000585,ACC1009,withdrawal,1836.24,branch,2025-05-03 18:11:34.561709234,False
TXN0000586,ACC1004,payment,1844.69,branch,2025-12-02 23:53:39.672594168,False
TXN0000587,ACC1037,payment,81.68,online,2025-01-05 09:08:47.468071314,False
TXN0000588,ACC1002,payment,739.28,online,2025-07-21 18:39:29.920653855,False
TXN0000589,ACC1040,withdrawal,4377.69,branch,2025-09-28 08:12:46.692517118,False
TXN0000590,ACC1033,transfer,588.56,atm,2025-06-27 00:45:27.254558160,False
TXN0000591,ACC1013,withdrawal,300.76,online,2025-02-01 04:07:49.959211589,False
TXN0000592,ACC1009,withdrawal,510.81,branch,2025-12-21 22:45:42.395919923,False
TXN0000593,ACC1043,deposit,1010.36,online,2025-07-09 01:46:16.963876620,False
TXN0000594,ACC1021,withdrawal,394.79,branch,2025-08-13 04:16:17.400844346,False
TXN0000595,ACC1048,deposit,4820.25,mobile_app,2025-03-28 08:42:06.107463953,False
TXN0000596,ACC1020,withdrawal,1014.75,branch,2025-06-26 11:26:35.611928165,False
TXN0000597,ACC1093,payment,563.02,mobile_app,2025-06-06 15:20:58.378397640,False
TXN0000598,ACC1009,deposit,230.07,online,2025-01-28 08:05:15.273374562,False
TXN0000599,ACC1070,deposit,1961.25,branch,2025-02-08 17:57:52.909472923,False
TXN0000600,ACC1011,deposit,1908.36,online,2025-11-02 16:15:33.378697673,False
TXN0000601,ACC1043,payment,423.84,mobile_app,2025-03-29 12:49:22.012787026,False
TXN0000602,ACC1076,withdrawal,74.92,branch,2025-03-13 03:50:04.049980817,False
TXN0000603,ACC1078,withdrawal,1795.28,online,2025-07-04 07:01:27.526624389,False
TXN0000604,ACC1061,payment,876.41,mobile_app,2025-10-08 14:13:29.534648206,False
TXN0000605,ACC1090,payment,1641.37,online,2025-01-23 14:39:05.409906963,False
TXN0000606,ACC1003,withdrawal,11482.84,atm,2025-07-30 12:50:14.553712037,False
TXN0000607,ACC1055,transfer,1061.89,mobile_app,2025-02-13 12:17:00.525420323,False
TXN0000608,ACC1083,transfer,591.93,mobile_app,2025-01-14 07:23:55.698836700,False
TXN0000609,ACC1021,transfer,276.78,mobile_app,2025-01-20 06:02:13.275387683,False
TXN0000610,ACC1077,deposit,753.77,branch,2025-11-01 11:16:39.316461407,False
TXN0000611,ACC1055,payment,1329.68,branch,2025-02-13 01:26:20.243694552,False
TXN0000612,ACC1020,withdrawal,1169.08,branch,2025-01-17 11:31:33.428106042,False
TXN0000613,ACC1006,deposit,8674.63,atm,2025-06-09 20:00:10.840938883,False
TXN0000614,ACC1012,withdrawal,1996.0,atm,2025-11-05 01:22:58.131163698,False
TXN0000615,ACC1042,deposit,932.84,mobile_app,2025-04-06 18:41:50.560966625,False
TXN0000616,ACC1026,deposit,469.72,atm,2025-06-03 22:12:09.106297300,False
TXN0000617,ACC1024,transfer,1510.22,online,2025-01-15 13:43:16.986930458,False
TXN0000618,ACC1052,deposit,369.29,mobile_app,2025-06-13 21:55:40.021757446,False
TXN0000619,ACC1089,withdrawal,1360.76,mobile_app,2025-07-30 19:53:26.110972648,False
TXN0000620,ACC1070,withdrawal,1968.24,online,2025-07-28 09:08:44.847127642,False
TXN0000621,ACC1092,deposit,845.78,mobile_app,2025-05-02 08:03:28.164410781,False
TXN0000622,ACC1093,payment,514.74,atm,2025-04-26 04:04:14.385392644,False
TXN0000623,ACC1069,deposit,79.65,branch,2025-02-08 22:01:22.446784548,False
TXN0000624,ACC1033,withdrawal,4326.89,online,2025-05-14 21:09:11.839900723,False
TXN0000625,ACC1084,withdrawal,1779.27,atm,2025-02-06 07:34:23.877577813,False
TXN0000626,ACC1036,deposit,1831.96,online,2025-10-07 19:22:49.712439264,False
TXN0000627,ACC1038,deposit,168.41,online,2025-12-19 16:33:46.253786794,False
TXN0000628,ACC1030,transfer,5743.4,mobile_app,2025-12-21 01:51:08.065441267,False
TXN0000629,ACC1012,payment,627.5,mobile_app,2025-11-12 18:01:22.189902424,False
TXN0000630,ACC1006,deposit,775.45,atm,2025-08-08 06:56:21.221574230,False
TXN0000631,ACC1050,transfer,303.95,online,2025-09-13 19:35:00.628282999,False
TXN0000632,ACC1073,transfer,128.47,mobile_app,2025-04-15 02:24:10.193329535,False
TXN0000633,ACC1070,payment,4397.61,mobile_app,2025-08-19 05:32:55.970563761,False
TXN0000634,ACC1062,withdrawal,5135.42,online,2025-06-16 07:29:24.191135977,False
TXN0000635,ACC1019,withdrawal,899.07,atm,2025-06-25 22:28:18.827205346,False
TXN0000636,ACC1006,withdrawal,485.29,atm,2025-10-04 14:07:21.607990976,False
TXN0000637,ACC1046,transfer,697.53,online,2025-04-13 21:36:17.262114923,False
TXN0000638,ACC1000,payment,720.87,atm,2025-04-27 02:01:37.194398382,False
TXN0000639,ACC1054,deposit,259.87,mobile_app,2025-12-04 11:51:43.525032687,False
TXN0000640,ACC1011,withdrawal,772.24,online,2025-01-21 12:31:29.362420263,False
TXN0000641,ACC1037,payment,1317.8,mobile_app,2025-06-27 06:09:23.234763098,False
TXN0000642,ACC1084,payment,3721.15,branch,2025-11-30 04:08:06.041662324,False
TXN0000643,ACC1080,payment,1115.54,branch,2025-08-11 18:46:47.814553398,False
TXN0000644,ACC1076,transfer,165.4,atm,2025-07-19 10:31:33.492353796,False
TXN0000645,ACC1061,withdrawal,1676.15,branch,2025-04-02 03:45:32.436176950,False
TXN0000646,ACC1025,withdrawal,806.64,mobile_app,2025-05-06 07:05:35.823136439,False
TXN0000647,ACC1012,transfer,5678.78,branch,2025-11-07 23:56:38.840816794,False
TXN0000648,ACC1003,deposit,6095.76,mobile_app,2025-07-24 02:45:03.003450094,False
TXN0000649,ACC1026,withdrawal,6357.21,atm,2025-07-07 21:08:29.822313814,False
TXN0000650,ACC1021,transfer,558.97,atm,2025-02-06 08:19:05.846198355,False
TXN0000651,ACC1081,deposit,11942.11,mobile_app,2025-01-06 20:24:23.941968759,False
TXN0000652,ACC1037,transfer,1670.92,branch,2025-12-18 17:52:56.110434778,False
TXN0000653,ACC1010,withdrawal,7720.67,atm,2025-05-18 14:23:55.771557838,False
TXN0000654,ACC1060,payment,599.96,online,2025-08-09 04:08:47.126369970,False
TXN0000655,ACC1014,deposit,766.38,atm,2025-01-30 02:18:14.548034217,False
TXN0000656,ACC1039,deposit,1523.6,branch,2025-09-07 08:04:52.114561996,False
TXN0000657,ACC1050,transfer,1315.87,online,2025-12-07 09:17:03.725751180,False
TXN0000658,ACC1060,deposit,4943.23,branch,2025-07-30 02:49:39.418526628,False
TXN0000659,ACC1062,transfer,830.02,mobile_app,2025-02-16 00:46:12.806430951,False
TXN0000660,ACC1084,transfer,4436.13,online,2025-08-01 07:52:50.090403561,True
TXN0000661,ACC1033,deposit,2640.39,branch,2025-10-07 17:12:05.712468315,False
TXN0000662,ACC1011,withdrawal,848.89,online,2025-05-29 08:12:31.897398251,False
TXN0000663,ACC1082,withdrawal,2405.74,branch,2025-11-18 03:22:43.219082133,False
TXN0000664,ACC1069,withdrawal,621.47,online,2025-08-25 18:27:45.617077843,False
TXN0000665,ACC1049,payment,18402.59,branch,2025-11-25 05:25:13.887168288,True
TXN0000666,ACC1023,payment,44.83,mobile_app,2025-08-16 13:54:23.495496027,False
TXN0000667,ACC1047,transfer,2459.05,online,2025-02-17 22:04:57.485144133,False
TXN0000668,ACC1048,transfer,131.96,online,2025-04-24 00:53:57.801413241,False
TXN0000669,ACC1047,withdrawal,836.49,online,2025-03-15 15:43:25.488089483,False
TXN0000670,ACC1023,payment,989.57,online,2025-11-28 17:19:12.431998966,False
TXN0000671,ACC1057,transfer,6695.29,mobile_app,2025-10-05 13:06:16.521978055,False
TXN0000672,ACC1005,transfer,477.91,online,2025-09-04 21:14:58.961945950,False
TXN0000673,ACC1033,payment,5269.1,atm,2025-04-20 20:27:53.855902820,False
TXN0000674,ACC1056,deposit,266.51,mobile_app,2025-03-09 04:13:55.931375530,False
TXN0000675,ACC1059,payment,5519.29,atm,2025-10-04 02:30:41.510818321,False
TXN0000676,ACC1033,deposit,620.66,online,2025-06-23 01:37:24.981242658,False
TXN0000677,ACC1028,withdrawal,1197.66,branch,2025-03-24 09:54:59.316622237,False
TXN0000678,ACC1034,withdrawal,732.41,atm,2025-08-14 01:36:30.703420114,False
TXN0000679,ACC1072,payment,5109.39,online,2025-01-15 17:19:28.361038224,False
TXN0000680,ACC1007,payment,4045.21,atm,2025-04-30 01:15:05.134188600,False
TXN0000681,ACC1019,transfer,1867.21,online,2025-06-21 00:33:33.381426018,False
TXN0000682,ACC1096,transfer,275.27,online,2025-02-24 00:06:54.024474219,False
TXN0000683,ACC1089,withdrawal,464.97,online,2025-12-26 09:34:23.605304721,False
TXN0000684,ACC1085,payment,319.16,branch,2025-03-18 07:41:34.489698074,False
TXN0000685,ACC1012,withdrawal,73.86,atm,2025-02-17 13:53:36.309044420,False
TXN0000686,ACC1010,withdrawal,4981.98,mobile_app,2025-03-16 06:57:55.782897166,False
TXN0000687,ACC1085,deposit,739.97,mobile_app,2025-10-08 16:58:31.895325059,False
TXN0000688,ACC1044,transfer,730.56,mobile_app,2025-06-05 07:25:46.470796832,False
TXN0000689,ACC1069,transfer,6603.29,mobile_app,2025-07-26 09:02:37.076036040,False
TXN0000690,ACC1052,withdrawal,619.44,online,2025-01-08 16:02:24.774721874,False
TXN0000691,ACC1096,deposit,399.99,atm,2025-01-13 13:37:05.747168046,False
TXN0000692,ACC1075,payment,837.4,atm,2025-06-12 17:25:54.539344781,False
TXN0000693,ACC1029,deposit,281.69,branch,2025-10-26 01:53:59.749606400,False
TXN0000694,ACC1070,transfer,1657.77,atm,2025-11-20 02:41:33.278921776,False
TXN0000695,ACC1007,payment,700.37,atm,2025-02-01 15:32:58.315696111,False
TXN0000696,ACC1049,withdrawal,596.62,atm,2025-07-16 12:03:38.787857853,False
TXN0000697,ACC1066,deposit,537.71,branch,2025-11-30 07:53:31.386503071,False
TXN0000698,ACC1053,transfer,965.39,mobile_app,2025-05-22 14:38:28.782691742,False
TXN0000699,ACC1068,payment,1212.18,atm,2025-10-30 18:59:48.059925028,True
TXN0000700,ACC1087,withdrawal,587.59,branch,2025-02-18 19:10:26.157140618,False
TXN0000701,ACC1060,payment,713.0,branch,2025-12-08 10:03:20.626163697,False
TXN0000702,ACC1073,deposit,994.43,online,2025-10-02 06:28:05.741667163,False
TXN0000703,ACC1030,withdrawal,881.04,branch,2025-12-10 14:05:21.410927730,True
TXN0000704,ACC1060,transfer,1138.3,mobile_app,2025-09-04 23:10:01.077311847,False
TXN0000705,ACC1038,payment,486.87,atm,2025-05-13 15:25:06.399533933,False
TXN0000706,ACC1010,deposit,3661.07,branch,2025-12-09 10:28:01.456739647,False
TXN0000707,ACC1050,payment,1231.75,mobile_app,2025-04-11 13:57:53.857686248,False
TXN0000708,ACC1091,withdrawal,599.07,branch,2025-05-02 05:49:52.655738799,True
TXN0000709,ACC1004,withdrawal,1657.82,branch,2025-09-13 19:04:54.270102881,False
TXN0000710,ACC1064,deposit,1003.01,branch,2025-10-07 08:10:14.821832582,False
TXN0000711,ACC1073,payment,136.92,branch,2025-12-06 05:34:28.266666919,False
TXN0000712,ACC1066,deposit,1651.01,branch,2025-03-16 18:04:08.771996625,False
TXN0000713,ACC1073,withdrawal,322.66,mobile_app,2025-10-19 06:27:46.038673442,False
TXN0000714,ACC1086,deposit,3365.44,atm,2025-09-27 13:39:48.339926642,False
TXN0000715,ACC1079,payment,820.49,atm,2025-01-24 06:50:25.126013460,False
TXN0000716,ACC1018,transfer,2796.39,atm,2025-05-22 08:04:28.981205083,False
TXN0000717,ACC1015,transfer,514.78,atm,2025-04-14 05:01:31.453847270,False
TXN0000718,ACC1096,deposit,1192.63,mobile_app,2025-04-22 03:20:10.022428703,False
TXN0000719,ACC1057,transfer,4685.8,online,2025-12-25 18:36:52.793637045,False
TXN0000720,ACC1022,withdrawal,794.08,online,2025-08-23 14:43:48.511503007,False
TXN0000721,ACC1021,payment,539.7,mobile_app,2025-09-19 22:50:35.312175807,False
TXN0000722,ACC1027,payment,2406.79,mobile_app,2025-12-23 11:10:13.810366125,False
TXN0000723,ACC1024,deposit,2351.47,branch,2025-05-18 16:17:15.411584091,False
TXN0000724,ACC1016,transfer,567.65,branch,2025-10-20 16:07:11.552327690,False
TXN0000725,ACC1005,deposit,101.24,branch,2025-06-08 14:29:28.458770565,False
TXN0000726,ACC1054,withdrawal,527.41,atm,2025-11-14 09:06:53.874357200,False
TXN0000727,ACC1010,deposit,2472.12,branch,2025-03-07 22:33:36.222793260,False
TXN0000728,ACC1087,withdrawal,432.66,online,2025-12-12 21:43:51.279899125,False
TXN0000729,ACC1055,withdrawal,1082.33,atm,2025-03-21 20:26:24.596445503,False
TXN0000730,ACC1025,transfer,498.21,branch,2025-04-30 01:41:29.908150656,False
TXN0000731,ACC1080,withdrawal,107.92,atm,2025-10-04 00:14:38.294791431,False
TXN0000732,ACC1018,transfer,487.56,online,2025-05-24 17:17:42.144406670,False
TXN0000733,ACC1076,withdrawal,2459.61,branch,2025-08-10 23:55:53.977706659,False
TXN0000734,ACC1033,deposit,63.8,online,2025-06-12 06:27:49.929725496,False
TXN0000735,ACC1040,transfer,1484.15,online,2025-09-28 23:09:38.336063362,False
TXN0000736,ACC1093,deposit,264.2,online,2025-03-25 08:10:54.374696515,False
TXN0000737,ACC1008,withdrawal,2275.9,branch,2025-01-22 08:05:31.085502152,False
TXN0000738,ACC1011,transfer,2584.23,mobile_app,2025-04-20 11:22:53.478710618,False
TXN0000739,ACC1049,withdrawal,892.18,branch,2025-06-23 02:56:38.055290821,False
TXN0000740,ACC1071,deposit,894.62,online,2025-03-03 07:51:20.365948313,False
TXN0000741,ACC1050,withdrawal,416.7,branch,2025-05-10 12:01:27.326603876,False
TXN0000742,ACC1070,payment,218.18,online,2025-05-26 23:51:04.464905976,False
TXN0000743,ACC1041,transfer,8414.5,mobile_app,2025-01-21 22:45:09.182553390,False
TXN0000744,ACC1035,transfer,388.35,atm,2025-08-01 21:46:17.378737078,False
TXN0000745,ACC1066,transfer,7196.54,mobile_app,2025-11-19 18:50:54.344502519,False
TXN0000746,ACC1058,deposit,390.96,mobile_app,2025-02-25 09:16:04.502887458,False
TXN0000747,ACC1001,withdrawal,2059.52,atm,2025-08-07 04:47:53.510630144,False
TXN0000748,ACC1089,transfer,279.96,branch,2025-08-31 15:06:55.566068448,False
TXN0000749,ACC1079,deposit,2055.09,atm,2025-06-03 01:22:18.481702681,False
TXN0000750,ACC1075,deposit,741.96,branch,2025-09-13 21:36:53.515119614,False
TXN0000751,ACC1066,deposit,753.69,branch,2025-05-30 22:00:29.955532556,False
TXN0000752,ACC1053,withdrawal,2280.22,online,2025-07-04 04:37:21.513656383,False
TXN0000753,ACC1014,payment,624.55,online,2025-01-03 16:24:45.613068405,False
TXN0000754,ACC1053,deposit,197.6,atm,2025-09-10 11:28:05.519351544,False
TXN0000755,ACC1019,withdrawal,2734.12,mobile_app,2025-08-30 09:21:42.723200828,False
TXN0000756,ACC1018,deposit,277.25,atm,2025-01-15 00:23:30.067363605,False
TXN0000757,ACC1072,payment,2038.2,branch,2025-05-15 09:52:15.386812919,False
TXN0000758,ACC1075,deposit,3524.86,online,2025-12-24 08:19:08.131206023,False
TXN0000759,ACC1074,withdrawal,698.83,atm,2025-06-03 13:39:08.237163896,False
TXN0000760,ACC1097,transfer,4531.57,atm,2025-07-03 05:02:30.296237758,False
TXN0000761,ACC1012,transfer,1954.99,online,2025-11-29 02:59:17.467724886,False
TXN0000762,ACC1013,withdrawal,475.79,online,2025-09-19 19:12:50.517302495,False
TXN0000763,ACC1072,withdrawal,5894.15,online,2025-08-01 10:56:03.655133514,False
TXN0000764,ACC1099,withdrawal,278.66,branch,2025-10-19 04:46:08.430772065,False
TXN0000765,ACC1012,deposit,697.82,online,2025-11-12 11:50:54.578955569,False
TXN0000766,ACC1036,deposit,856.13,mobile_app,2025-06-16 18:20:22.230306447,False
TXN0000767,ACC1068,withdrawal,2267.13,atm,2025-06-23 09:56:57.396490359,False
TXN0000768,ACC1044,deposit,4181.9,online,2025-05-21 21:48:22.306716296,False
TXN0000769,ACC1052,deposit,3879.07,online,2025-12-19 20:20:44.831622171,False
TXN0000770,ACC1033,transfer,1434.39,branch,2025-09-12 11:10:34.995300490,False
TXN0000771,ACC1049,payment,783.43,branch,2025-01-31 09:02:02.615937768,False
TXN0000772,ACC1083,transfer,122.59,atm,2025-11-11 23:31:34.680799355,False
TXN0000773,ACC1062,deposit,226.56,mobile_app,2025-06-25 09:42:18.294212545,False
TXN0000774,ACC1073,deposit,9136.08,atm,2025-01-26 02:17:03.192939562,False
TXN0000775,ACC1077,payment,121.11,online,2025-07-20 15:31:23.358830174,False
TXN0000776,ACC1060,deposit,427.78,mobile_app,2025-06-02 06:21:32.701777744,False
TXN0000777,ACC1004,deposit,4330.89,mobile_app,2025-11-17 09:05:05.231747739,False
TXN0000778,ACC1022,withdrawal,1410.44,mobile_app,2025-03-16 10:59:33.819425640,False
TXN0000779,ACC1035,transfer,3339.76,mobile_app,2025-10-29 15:49:47.924945474,False
TXN0000780,ACC1051,transfer,2103.58,atm,2025-07-23 13:21:10.565224433,False
TXN0000781,ACC1018,deposit,6396.45,branch,2025-01-20 22:23:10.522139959,False
TXN0000782,ACC1079,deposit,1563.24,branch,2025-12-21 17:21:53.422600484,False
TXN0000783,ACC1077,payment,2431.19,online,2025-07-07 02:30:34.338038515,False
TXN0000784,ACC1087,deposit,459.85,branch,2025-04-17 04:04:52.475047184,False
TXN0000785,ACC1088,transfer,2216.31,branch,2025-06-21 08:00:14.168973242,False
TXN0000786,ACC1051,transfer,681.74,branch,2025-11-10 02:50:03.061007534,False
TXN0000787,ACC1004,transfer,636.68,branch,2025-04-22 06:57:04.930607364,False
TXN0000788,ACC1050,withdrawal,3208.85,online,2025-03-12 07:50:42.839604579,False
TXN0000789,ACC1042,deposit,3235.53,atm,2025-02-17 02:39:50.843212274,False
TXN0000790,ACC1088,withdrawal,8317.61,mobile_app,2025-04-19 17:14:53.987633701,False
TXN0000791,ACC1030,payment,7691.84,branch,2025-10-12 17:13:16.472894813,False
TXN0000792,ACC1006,payment,3297.03,atm,2025-06-22 03:26:49.052797771,False
TXN0000793,ACC1095,deposit,139.14,branch,2025-03-25 00:44:19.854079477,True
TXN0000794,ACC1060,deposit,9830.23,branch,2025-03-02 15:46:50.147693054,False
TXN0000795,ACC1034,payment,3299.62,mobile_app,2025-05-02 10:42:36.771231317,False
TXN0000796,ACC1047,transfer,437.45,mobile_app,2025-12-10 01:44:15.023323711,False
TXN0000797,ACC1002,payment,2629.87,mobile_app,2025-05-06 04:54:50.408239008,False
TXN0000798,ACC1043,deposit,315.85,branch,2025-12-27 15:58:00.859305380,False
TXN0000799,ACC1038,withdrawal,2303.89,branch,2025-06-27 02:37:07.653016272,False
TXN0000800,ACC1039,transfer,225.99,branch,2025-03-07 09:28:33.327198200,False
